歌曲名称,演唱者,昨日音乐指数,较前一日,昨日全站排名,较前一日1,当前时间,全站排名,音乐指数,当前收听人数,历史成绩,变化幅度,专辑,歌曲类型,平台,入V状态
神魂颠倒,王晰&刘也,318,23.74%,26607.0,3162,最近更新 23:31,27119.0,300.0,15 人正在听,歌曲成就2022/04/21综艺新歌榜 当期排名97 历史在榜11期 最高排名52022/02/17热歌榜 历史在榜1期 最高排名2572022/02/15流行指数榜 历史在榜6期 最高排名222022/02/13飙升榜 历史在榜3期 最高排名10,23.74,无,未分类,,
亲密爱人,王晰,235,5.38%,29485.0,2889,最近更新 23:33,28403.0,268.0,29 人正在听,,5.38,无,未分类,,
贝加尔湖畔,王晰,,,,,,0.0,0.0,,,0.0,无,未分类,,
平凡又美好的晚上,王晰,,,,,,0.0,0.0,,,0.0,无,散曲,,
黎明前的黑暗,张韶涵&王晰,"6,811",2.88%,3823.0,32,最近更新 23:34,4053.0,0.0,413 人正在听,歌曲成就2022/07/23热歌榜 当期排名289 历史在榜18期 最高排名342021/09/29飙升榜 历史在榜16期 最高排名12021/09/09流行指数榜 历史在榜18期 最高排名12021/09/09抖音排行榜 历史在榜2期 最高排名492021/09/09综艺新歌榜 历史在榜17期 最高排名12021/09/09听歌识曲榜 历史在榜3期 最高排名15,2.88,无,未分类,,
南屏晚钟,王晰,147,26.13%,30383.0,3146,最近更新 23:32,31384.0,160.0,20 人正在听,,26.13,无,未分类,,
她真漂亮,王晰&高杨,191,15.86%,28323.0,505,最近更新 23:14,30310.0,237.0,22 人正在听,歌曲成就2021/09/09流行指数榜 历史在榜7期 最高排名75,15.86,无,未分类,,
云与海,尚雯婕&王晰,,,,,,0.0,0.0,,,0.0,无,未分类,,
云与海,王晰&尚雯婕,,,,,,0.0,0.0,,,0.0,无,未分类,,
Bésame Mucho,王晰,,,,,,0.0,0.0,,,0.0,无,未分类,,
一生守候,王晰,122,7.58%,32635.0,2119,最近更新 23:32,32699.0,128.0,13 人正在听,歌曲成就2021/09/09流行指数榜 历史在榜3期 最高排名63,7.58,无,未分类,,
哭砂,王晰,276,6.76%,25309.0,383,最近更新 23:07,31146.0,237.0,26 人正在听,歌曲成就2021/09/09热歌榜 历史在榜1期 最高排名1612021/09/09新歌榜 历史在榜23期 最高排名92021/09/09飙升榜 历史在榜1期 最高排名62021/09/09流行指数榜 历史在榜7期 最高排名142021/09/09内地榜 历史在榜2期 最高排名182020/06/01腾讯音乐由你榜 当期排名52 历史在榜6期 最高排名9,6.76,无,企划曲,,
乌兰巴托的夜晚,王晰,,,,,,0.0,0.0,,,0.0,无,影视OST,,
Sound of Silence,王晰&李琦&鞠红川,288,1.03%,25764.0,2682,最近更新 23:30,27035.0,302.0,29 人正在听,歌曲成就2021/09/09流行指数榜 历史在榜7期 最高排名31,1.03,无,未分类,,
一生中最爱,王晰,,,,,,0.0,0.0,,,0.0,无,企划曲,,
谁,王晰,181,16.97%,29402.0,2469,最近更新 23:31,29566.0,207.0,24 人正在听,歌曲成就2021/09/09流行指数榜 历史在榜5期 最高排名42,16.97,无,未分类,,
我可以抱你吗,王晰,,,,,,0.0,0.0,,,0.0,无,企划曲,,
如愿,王晰&檀健次&马佳,,,,,,0.0,0.0,,,0.0,无,未分类,,
山楂树,王晰&周深&刘彬濠,549,1.08%,20999.0,5,最近更新 23:30,22573.0,532.0,30 人正在听,歌曲成就2021/09/09流行指数榜 历史在榜7期 最高排名34,1.08,无,未分类,,
月弯弯,王晰&周深,335,9.95%,25361.0,1780,最近更新 23:28,27823.0,323.0,33 人正在听,歌曲成就2021/09/09流行指数榜 历史在榜7期 最高排名34,9.95,无,未分类,,
Autumn Leaves,王晰,,,,,,0.0,0.0,,,0.0,无,未分类,,
再见，我的爱人,王晰,,,,,,0.0,0.0,,,0.0,无,未分类,,
至少还有你,王晰,,,,,,0.0,0.0,,,0.0,无,未分类,,
云一定知道,王晰,,,,,,0.0,0.0,,,0.0,无,未分类,,
下潜,王晰,,,,,,0.0,0.0,,,0.0,无,散曲,,
不能靠近的朋友,王晰,,,,,,0.0,0.0,,,0.0,EP《回望》,专辑曲,TME,
当爱已成往事,王晰,,,,,,0.0,0.0,,,0.0,无,未分类,,
信仰之路,王晰,,,,,,0.0,0.0,,,0.0,无,散曲,,
别离的预感,王晰,,,,,,0.0,0.0,,,0.0,无,企划曲,,
小丈夫,王晰,,,,,,0.0,0.0,,,0.0,无,影视OST,,
不赖,王晰,,,,,,0.0,0.0,,,0.0,无,影视OST,,
Over the Rainbow,王晰&周深&蔡尧,113,10.32%,39356.0,9430,最近更新 23:12,33865.0,149.0,13 人正在听,歌曲成就2021/09/09流行指数榜 历史在榜7期 最高排名48,10.32,无,未分类,,
午后三点,王晰,,,,,,0.0,0.0,,,0.0,无,散曲,,
罗辑,王晰,,,,,,0.0,0.0,,,0.0,无,散曲,,
野兽的花,井柏然&龚俊&王晰&欧阳娜娜,,,,,,0.0,0.0,,,0.0,无,散曲,,
让她降落,王晰,,,,,,0.0,0.0,,,0.0,无,未分类,,
外婆,张可盈&王晰,,,,,,0.0,0.0,,,0.0,无,散曲,,
重庆野玫瑰,王晰,137,0.72%,31875.0,703,最近更新 23:22,32970.0,155.0,12 人正在听,,0.72,无,影视OST,,
惑许,王晰,,,,,,0.0,0.0,,,0.0,五专《B面图景》,专辑曲,"TME
WYY
咪咕音乐",2021-11-13 00:00:00
晚风,王晰,,,,,,0.0,0.0,,,0.0,无,未分类,,
Come to Me,王晰,,,,,,0.0,0.0,,,0.0,无,未分类,,
把一切给明天,王晰,,,,,,0.0,0.0,,,0.0,无,影视OST,,
节气歌,王晰&朱德恩,,,,,,0.0,0.0,,,0.0,无,未分类,,
游离,王晰,,,,,,0.0,0.0,,,0.0,五专《B面图景》,专辑曲,"TME
WYY
咪咕音乐",2021-11-13 00:00:00
爱于此生,王晰,,,,,,0.0,0.0,,,0.0,无,影视OST,,
友谊地久天长,王晰&蔡程昱&仝卓,,,,,,0.0,0.0,,,0.0,无,未分类,,
滚滚长江东逝水,杨洪基&王晰,121,-,29700.0,-,最近更新 22:29,39891.0,119.0,,,0.0,无,未分类,,
YourMan,王晰,,,,,,0.0,0.0,,,0.0,无,未分类,,
说了再见,王晰,,,,,,0.0,0.0,,,0.0,无,影视OST,,
往前,王晰&尹姝贻,,,,,,0.0,0.0,,,0.0,无,影视OST,,
神魂颠倒,一心向晰 • ♡∞王晰,,,,,,0.0,0.0,,,0.0,无,未分类,,
渔光曲,王晰,,,,,,0.0,0.0,,,0.0,无,未分类,,
多年以后,王晰,,,,,,0.0,0.0,,,0.0,无,未分类,,
有你在的美好,王晰,,,,,,0.0,0.0,,,0.0,无,散曲,,
鸽子,王晰&金圣权&李向哲,,,,,,0.0,0.0,,,0.0,无,未分类,,
再回首,王晰,,,,,,0.0,0.0,,,0.0,无,未分类,,
相思,王晰&弦子,114,16.79%,34023.0,3496,最近更新 23:32,30707.0,180.0,18 人正在听,歌曲成就2021/09/09内地榜 历史在榜2期 最高排名422021/09/09新歌榜 历史在榜4期 最高排名452021/09/09影视金曲榜 历史在榜8期 最高排名182021/09/09飙升榜 历史在榜1期 最高排名112021/09/09国风热歌榜 历史在榜3期 最高排名172021/09/09流行指数榜 历史在榜3期 最高排名632020/07/13腾讯音乐由你榜 当期排名54 历史在榜5期 最高排名13,16.79,无,影视OST,,
盲,王晰,,,,,,0.0,0.0,,,0.0,无,影视OST,,
千言万语,王晰,,,,,,0.0,0.0,,,0.0,无,未分类,,
荒人之歌,王晰,125,22.55%,30987.0,1047,最近更新 23:27,32170.0,154.0,10 人正在听,歌曲成就2021/09/09内地榜 历史在榜1期 最高排名872021/09/09影视金曲榜 历史在榜3期 最高排名70,22.55,无,未分类,,
星空穹顶,王晰,,,,,,0.0,0.0,,,0.0,无,影视OST,,
也许,王晰,,,,,,0.0,0.0,,,0.0,无,散曲,,
第18期01 【睡前故事与酒】总有人如这秋天的热酒，长留在心中,王晰,,,,,,0.0,0.0,,,0.0,无,未分类,,
我的命运,王晰,,,,,,0.0,0.0,,,0.0,无,企划曲,,
着魔,王晰,,,,,,0.0,0.0,,,0.0,无,未分类,,
无畏,王晰,,,,,,0.0,0.0,,,0.0,无,影视OST,,
叶塞尼亚,王晰,,,,,,0.0,0.0,,,0.0,无,未分类,,
漫长的告别,王晰,,,,,,0.0,0.0,,,0.0,无,未分类,,
梦开始的地方,王晰,,,,,,0.0,0.0,,,0.0,无,散曲,,
偏执,王晰&吴宣仪,,,,,,0.0,0.0,,,0.0,无,未分类,,
时间,王晰,,,,,,0.0,0.0,,,0.0,无,影视OST,,
晚风,王晰,,,,,,0.0,0.0,,,0.0,无,未分类,,
小毛驴,王晰,,,,,,0.0,0.0,,,0.0,无,未分类,,
重来,王晰,,,,,,0.0,0.0,,,0.0,无,未分类,,
爱我吗,王晰,,,,,,0.0,0.0,,,0.0,无,影视OST,,
第1期01 【睡前故事与酒】享受人间小确幸,王晰,,,,,,0.0,0.0,,,0.0,无,未分类,,
第18期02 【王晰，请回答】敢爱的人最天真,王晰,,,,,,0.0,0.0,,,0.0,无,未分类,,
最远的心跳,王晰,,,,,,0.0,0.0,,,0.0,无,未分类,,
灯塔,王晰,,,,,,0.0,0.0,,,0.0,无,影视OST,,
双鱼,王晰,,,,,,0.0,0.0,,,0.0,无,未分类,,
花样年华,娄艺潇&王晰,,,,,,0.0,0.0,,,0.0,无,未分类,,
绝不会和你错过,王晰,,,,,,0.0,0.0,,,0.0,无,散曲,,
Sunlight,王晰,,,,,,0.0,0.0,,,0.0,无,影视OST,,
营业预告：欢迎光临日木斤小酒馆！评论区给王晰留言~,王晰,,,,,,0.0,0.0,,,0.0,无,未分类,,
第17期01 【睡前故事与酒】收获的季节里，生活在别处,王晰,,,,,,0.0,0.0,,,0.0,无,未分类,,
爱情,王晰,,,,,,0.0,0.0,,,0.0,无,未分类,,
微光之名,王晰,,,,,,0.0,0.0,,,0.0,EP《回望》,专辑曲,TME,
梦回长安,王晰,,,,,,0.0,0.0,,,0.0,无,未分类,,
第16期02 【王晰，请回答】把每一天都当作全新的开始,王晰,,,,,,0.0,0.0,,,0.0,无,未分类,,
向着太阳,Vitas&王晰,,,,,,0.0,0.0,,,0.0,无,未分类,,
第16期01 【睡前故事与酒】寻一方净土，去看心中的日月,王晰,,,,,,0.0,0.0,,,0.0,无,未分类,,
晚风暖暖,王晰,170,10.39%,30727.0,1397,最近更新 23:21,31955.0,166.0,4 人正在听,,10.39,无,未分类,,
我的心里只有你没有他,王晰,,,,,,0.0,0.0,,,0.0,无,未分类,,
剑起山林,王晰,,,,,,0.0,0.0,,,0.0,无,散曲,,
我和我的祖国,张也&王晰,,,,,,0.0,0.0,,,0.0,无,未分类,,
第17期02 【王晰，请回答】放弃很容易，但坚持很值得,王晰,,,,,,0.0,0.0,,,0.0,无,未分类,,
读你,王晰,,,,,,0.0,0.0,,,0.0,无,未分类,,
盛世,王晰,,,,,,0.0,0.0,,,0.0,无,影视OST,,
第15期02 【王晰，请回答】在四季变迁中，享受独处,王晰,,,,,,0.0,0.0,,,0.0,无,未分类,,
声入人心,王晰&阿云嘎&郑云龙&高天鹤&蔡程昱&石凯,,,,,,0.0,0.0,,,0.0,无,未分类,,
第15期01 【睡前故事与酒】秋风起，品味核桃和枫糖的滋味,王晰,,,,,,0.0,0.0,,,0.0,无,未分类,,
叶塞尼娅,王晰,,,,,,0.0,0.0,,,0.0,无,未分类,,
偏执,王晰&汪小敏,,,,,,0.0,0.0,,,0.0,无,未分类,,
绿岛小夜曲,王晰,,,,,,0.0,0.0,,,0.0,无,影视OST,,
微风细雨,王晰,,,,,,0.0,0.0,,,0.0,无,未分类,,
第1期02 【王晰，请回答】平时喜欢下厨吗？,王晰,,,,,,0.0,0.0,,,0.0,无,未分类,,
爱的代价,王晰,,,,,,0.0,0.0,,,0.0,无,未分类,,
好好说再见,王晰,,,,,,0.0,0.0,,,0.0,无,未分类,,
凄美地,王晰&龙向楠&桑田&谢子因&蔡辛豪&胡宇桐,,,,,,0.0,0.0,,,0.0,无,未分类,,
忘不了,王晰,,,,,,0.0,0.0,,,0.0,无,未分类,,
第14期02 【王晰，请回答】每个人都在努力地活着,王晰,,,,,,0.0,0.0,,,0.0,无,未分类,,
望阙台,王晰,,,,,,0.0,0.0,,,0.0,无,未分类,,
月光,王晰,,,,,,0.0,0.0,,,0.0,无,未分类,,
第14期01 【睡前故事与酒】去迎接秋天，萧瑟也辉煌,王晰,,,,,,0.0,0.0,,,0.0,无,未分类,,
哑光,王晰,,,,,,0.0,0.0,,,0.0,五专《B面图景》,专辑曲,"TME
WYY
咪咕音乐",2021-11-13 00:00:00
如翡,王晰&赖美云,,,,,,0.0,0.0,,,0.0,无,影视OST,,
乌苏里船歌,王晰,,,,,,0.0,0.0,,,0.0,无,未分类,,
知晓,王晰,,,,,,0.0,0.0,,,0.0,五专《B面图景》,专辑曲,"TME
WYY
咪咕音乐",2021-11-13 00:00:00
阳关引,王晰,,,,,,0.0,0.0,,,0.0,无,影视OST,,
你,王晰,,,,,,0.0,0.0,,,0.0,无,影视OST,,
怂,王晰,,,,,,0.0,0.0,,,0.0,无,未分类,,
重游往昔,王晰,,,,,,0.0,0.0,,,0.0,无,未分类,,
夜半歌声,王晰,,,,,,0.0,0.0,,,0.0,无,影视OST,,
第13期02 【王晰，请回答】不快乐也没关系,王晰,,,,,,0.0,0.0,,,0.0,无,未分类,,
时空,王晰,,,,,,0.0,0.0,,,0.0,五专《B面图景》,专辑曲,"TME
WYY
咪咕音乐",2021-11-13 00:00:00
花儿为什么这样红,王晰,,,,,,0.0,0.0,,,0.0,无,未分类,,
追梦者,王晰,,,,,,0.0,0.0,,,0.0,无,未分类,,
他不爱我,王晰,,,,,,0.0,0.0,,,0.0,无,未分类,,
下沉,王晰,,,,,,0.0,0.0,,,0.0,无,未分类,,
逆光,满江&王晰,,,,,,0.0,0.0,,,0.0,无,未分类,,
第19期01 【睡前故事与酒】桂花香是秋天的灵魂，闻过便醉了,王晰,,,,,,0.0,0.0,,,0.0,无,未分类,,
第13期01 【睡前故事与酒】当月光洒在你身上，此刻你就是月亮,王晰,,,,,,0.0,0.0,,,0.0,无,未分类,,
美好正发声,王晰,,,,,,0.0,0.0,,,0.0,无,推广曲,,
分岔,王晰,,,,,,0.0,0.0,,,0.0,五专《B面图景》,专辑曲,"TME
WYY
咪咕音乐",2021-11-13 00:00:00
带着一颗好心去流浪,王晰,,,,,,0.0,0.0,,,0.0,无,未分类,,
我们的歌,张一鸣&梁龙&王晰,,,,,,0.0,0.0,,,0.0,无,影视OST,,
雪地里寄不出的求救信,王晰,,,,,,0.0,0.0,,,0.0,无,未分类,,
以后,王晰,,,,,,0.0,0.0,,,0.0,无,未分类,,
无人岛上,王晰,,,,,,0.0,0.0,,,0.0,EP《回望》,专辑曲,TME,
你是青山,王晰,,,,,,0.0,0.0,,,0.0,无,影视OST,,
第12期01 【睡前故事与酒】在桑格利亚的甜味里，回望灯塔的指引,王晰,,,,,,0.0,0.0,,,0.0,无,影视OST,,
倒叙,王晰,,,,,,0.0,0.0,,,0.0,五专《B面图景》,专辑曲,"TME
WYY
咪咕音乐",2021-11-13 00:00:00
歌曲：月光,王晰&周深&蔡程昱&鞠红川&李琦&王凯歌剧演员,,,,,,0.0,0.0,,,0.0,无,未分类,,
玩笑,王晰,,,,,,0.0,0.0,,,0.0,五专《B面图景》,专辑曲,"TME
WYY
咪咕音乐",2021-11-13 00:00:00
生而逢时,王晰,,,,,,0.0,0.0,,,0.0,无,影视OST,,
第12期02 【王晰，请回答】叛逆的小孩最终都会长大,王晰,,,,,,0.0,0.0,,,0.0,无,未分类,,
歌颂,王晰,,,,,,0.0,0.0,,,0.0,无,未分类,,
第19期02 【王晰，请回答】在满足与自洽中，寻找《人生果实》,王晰,,,,,,0.0,0.0,,,0.0,无,未分类,,
城里的月光,王晰,,,,,,0.0,0.0,,,0.0,无,未分类,,
为你而唱,金志文&苏运莹&王晰,,,,,,0.0,0.0,,,0.0,无,未分类,,
人都有老的时候,王晰,,,,,,0.0,0.0,,,0.0,无,未分类,,
轻信,王晰,,,,,,0.0,0.0,,,0.0,五专《B面图景》,专辑曲,"TME
WYY
咪咕音乐",2021-11-13 00:00:00
悬念,王晰,,,,,,0.0,0.0,,,0.0,五专《B面图景》,专辑曲,"TME
WYY
咪咕音乐",2021-11-13 00:00:00
微而足道,王晰,,,,,,0.0,0.0,,,0.0,无,影视OST,,
第2期01 【睡前故事与酒】玛格丽特的初恋,王晰,,,,,,0.0,0.0,,,0.0,无,未分类,,
第11期02 【王晰，请回答】历久弥新，便是一生中最爱,王晰,,,,,,0.0,0.0,,,0.0,无,企划曲,,
第2期02 【王晰，请回答】大葱花的花语,王晰,,,,,,0.0,0.0,,,0.0,无,未分类,,
第11期01 【睡前故事与酒】夜空总有最大密度的蓝色，请允许自己放心的丧一下,王晰,,,,,,0.0,0.0,,,0.0,无,影视OST,,
葬心,王晰,,,,,,0.0,0.0,,,0.0,无,未分类,,
玛莲娜,王晰,,,,,,0.0,0.0,,,0.0,无,未分类,,
第3期02 【王晰，请回答】唯有热爱能抵岁月漫长,王晰,,,,,,0.0,0.0,,,0.0,无,未分类,,
第10期02 【王晰，请回答】去“为什么咖啡馆”里找答案,王晰,,,,,,0.0,0.0,,,0.0,无,未分类,,
第3期01 【睡前故事与酒】毕业季，是用空气中萦绕的麦芽香气说再会,王晰,,,,,,0.0,0.0,,,0.0,无,未分类,,
爱你在心口难开,张蔷&王晰,,,,,,0.0,0.0,,,0.0,无,未分类,,
飞天,吴建豪&徐志贤BIE&尚九熙&王晰,,,,,,0.0,0.0,,,0.0,无,未分类,,
茕茕,王晰,,,,,,0.0,0.0,,,0.0,无,未分类,,
第9期02 【王晰，请回答】身体和心灵总有一个在路上,王晰,,,,,,0.0,0.0,,,0.0,七专《不说》,专辑曲,,
扬起的帆,王晰&张英席&阿云嘎,,,,,,0.0,0.0,,,0.0,无,未分类,,
第8期02 【王晰，请回答】一首写给女儿的诗：我爱你，仅此而已,王晰,,,,,,0.0,0.0,,,0.0,无,未分类,,
第10期01 【睡前故事与酒】愿深邃明亮的纸飞机给你治愈的力量,王晰,,,,,,0.0,0.0,,,0.0,无,未分类,,
第4期02 【王晰，请回答】诗分享《活着》：把生命的热烈平静描述,王晰,,,,,,0.0,0.0,,,0.0,无,未分类,,
第9期01 【睡前故事与酒】性感旅途中的纯真博物馆,王晰,,,,,,0.0,0.0,,,0.0,无,未分类,,
第6期02 【王晰，请回答】愿我们按照自己的意愿过一生,王晰,,,,,,0.0,0.0,,,0.0,无,未分类,,
第7期02 【王晰，请回答】让我们一起在音乐中造梦吧,王晰,,,,,,0.0,0.0,,,0.0,无,未分类,,
第4期01 【睡前故事与酒】当我谈论青春时我在谈什么,王晰,,,,,,0.0,0.0,,,0.0,无,未分类,,
第5期02 【王晰，请回答】带你运动，来一组仰卧开合腿吧,王晰,,,,,,0.0,0.0,,,0.0,无,未分类,,
月圆花好,王晰,,,,,,0.0,0.0,,,0.0,无,未分类,,
第5期01 【睡前故事与酒】独处，与运动后舒适的疲劳或恰到好处的醉意,王晰,,,,,,0.0,0.0,,,0.0,无,未分类,,
第6期01 【睡前故事与酒】在风平浪静的闲暇里，找自己,王晰,,,,,,0.0,0.0,,,0.0,无,未分类,,
We Will Rock You + We Are the Champions,吴建豪&徐志贤BIE&尚九熙&王晰&张晓龙&迪玛希Dimash,,,,,,0.0,0.0,,,0.0,无,未分类,,
如梦令,王晰,,,,,,0.0,0.0,,,0.0,无,未分类,,
第8期01 【睡前故事与酒】七夕快乐，愿所有女孩如波本玫瑰般自由灿烂,王晰,,,,,,0.0,0.0,,,0.0,无,影视OST,,
第7期01 【睡前故事与酒】一杯情人的眼泪，给你至死方休的音乐和爱情,王晰,,,,,,0.0,0.0,,,0.0,无,未分类,,
乡恋+一剪梅+遥远的她+冬天里的一把火,王晰&高天鹤&陆宇鹏&翟李朔天,,,,,,0.0,0.0,,,0.0,无,未分类,,
你要忘了我,王晰,,,,,,0.0,0.0,,,0.0,无,未分类,,
亲爱的中国，我的爱,王晰,,,,,,0.0,0.0,,,0.0,无,未分类,,
哈萨尼娅,王晰,,,,,,0.0,0.0,,,0.0,无,未分类,,
追幸福的人,王晰,,,,,,0.0,0.0,,,0.0,无,影视OST,,
萤火,王晰,,,,,,0.0,0.0,,,0.0,无,散曲,,
大江东去,王晰,,,,,,0.0,0.0,,,0.0,无,未分类,,
王晰：为漫漫岁月，保留那份热忱,王晰,,,,,,0.0,0.0,,,0.0,无,未分类,,
战歌,王晰,,,,,,0.0,0.0,,,0.0,无,未分类,,
静止了的夜晚,王晰,,,,,,0.0,0.0,,,0.0,无,影视OST,,
夜,王晰,,,,,,0.0,0.0,,,0.0,无,影视OST,,
我要你,王晰&翟天临,,,,,,0.0,0.0,,,0.0,无,未分类,,
盲,王晰,,,,,,0.0,0.0,,,0.0,无,影视OST,,
红旗飘飘,王晰&郑云龙&阿云嘎&高天鹤&翟李朔天&蔡程昱&陆宇鹏,,,,,,0.0,0.0,,,0.0,无,未分类,,
苏州河,吴建豪&徐志贤BIE&尚九熙&王晰&张晓龙&迪玛希Dimash,,,,,,0.0,0.0,,,0.0,无,未分类,,
新不了情,王晰,,,,,,0.0,0.0,,,0.0,无,未分类,,
志愿中国,廖昌永&王晰&周深&马佳&李琦,,,,,,0.0,0.0,,,0.0,无,未分类,,
王牌就是我,王晰,,,,,,0.0,0.0,,,0.0,无,未分类,,
几多愁,王晰,,,,,,0.0,0.0,,,0.0,无,未分类,,
铸梦,王晰,,,,,,0.0,0.0,,,0.0,无,散曲,,
等一等昨天,王晰,,,,,,0.0,0.0,,,0.0,无,未分类,,
满街都是寂寞的朋友,王晰,,,,,,0.0,0.0,,,0.0,无,未分类,,
玛莲娜,王晰,,,,,,0.0,0.0,,,0.0,无,未分类,,
望阙台,王晰,,,,,,0.0,0.0,,,0.0,无,未分类,,
爸爸的木匠小屋,王晰,,,,,,0.0,0.0,,,0.0,无,影视OST,,
遇见幸福,王晰&叶炫清,,,,,,0.0,0.0,,,0.0,无,影视OST,,
明月亮,王晰,,,,,,0.0,0.0,,,0.0,无,未分类,,
像雾像雨又像风,王晰,,,,,,0.0,0.0,,,0.0,无,未分类,,
眼泪,王晰&姚贝娜,,,,,,0.0,0.0,,,0.0,无,未分类,,
一声阿爸,王晰,,,,,,0.0,0.0,,,0.0,无,影视OST,,
彩虹巢,王晰,,,,,,0.0,0.0,,,0.0,无,未分类,,
Love of My Life,王晰&大春&陆珂豪&高沣&谢灵杰&李柄熹&钟小二,,,,,,0.0,0.0,,,0.0,无,未分类,,
稳稳的幸福,王晰,,,,,,0.0,0.0,,,0.0,无,未分类,,
Besame Mucho,张韶涵&王晰,,,,,,0.0,0.0,,,0.0,无,未分类,,
相思河畔,王晰,,,,,,0.0,0.0,,,0.0,无,影视OST,,
跟着你到天边,王晰,,,,,,0.0,0.0,,,0.0,无,未分类,,
新不了情,王晰,,,,,,0.0,0.0,,,0.0,无,未分类,,
故乡的云,王晰,,,,,,0.0,0.0,,,0.0,无,未分类,,
相思河畔,王晰,,,,,,0.0,0.0,,,0.0,无,影视OST,,
第25期 |  沉醉于哈尔滨，裹棉衣在雪地里撒欢,王晰,,,,,,0.0,0.0,,,0.0,无,未分类,,
一厢情愿,王晰,,,,,,0.0,0.0,,,0.0,无,未分类,,
一言千年,王晰,,,,,,0.0,0.0,,,0.0,无,影视OST,,
我把生命交给你,王晰,,,,,,0.0,0.0,,,0.0,无,未分类,,
想你想成一片海,王晰,,,,,,0.0,0.0,,,0.0,无,未分类,,
群落,王晰,,,,,,0.0,0.0,,,0.0,无,影视OST,,
千言万语,王晰,,,,,,0.0,0.0,,,0.0,无,未分类,,
第0期｜有一场旅行，王晰想要和你一起,王晰,,,,,,0.0,0.0,,,0.0,无,未分类,,
第24期 | 逛游沈阳青年大街，感受城市跃动的脉搏,王晰,,,,,,0.0,0.0,,,0.0,无,未分类,,
第22期 | 一朝发祥地，两代帝王都,王晰,,,,,,0.0,0.0,,,0.0,无,未分类,,
第23期 | 漫步张氏帅府，赏盛京美景,王晰,,,,,,0.0,0.0,,,0.0,无,未分类,,
第1期 | 走进电影中的武康路,王晰,,,,,,0.0,0.0,,,0.0,无,未分类,,
第20期 | 一条颐和路，半部民国史,王晰,,,,,,0.0,0.0,,,0.0,无,未分类,,
举杯来加油,朱正廷&王晰&金子涵,,,,,,0.0,0.0,,,0.0,无,未分类,,
兵说,王晰,,,,,,0.0,0.0,,,0.0,无,未分类,,
我们都是运动员,王晰&吴翊之&沙楠杰&王正一,,,,,,0.0,0.0,,,0.0,无,散曲,,
第21期 | 新街口的繁华古今，都市印记锦瑟年华,王晰,,,,,,0.0,0.0,,,0.0,无,未分类,,
第17期 | 雨天行舟，赏杭城如诗风光,王晰,,,,,,0.0,0.0,,,0.0,无,未分类,,
第14期 | 漫步广州西关，领略广府风情,王晰,,,,,,0.0,0.0,,,0.0,无,未分类,,
第13期 | 漫步汉阳，感受大自然的交响乐,王晰,,,,,,0.0,0.0,,,0.0,无,未分类,,
第16期 | 漫步珠江新城，行走于市井繁华间,王晰,,,,,,0.0,0.0,,,0.0,无,未分类,,
第19期 | 夜游西子湖畔，看点点星光,王晰,,,,,,0.0,0.0,,,0.0,无,影视OST,,
第6期 | 在熟悉的城市里，寻找Spark,王晰,,,,,,0.0,0.0,,,0.0,无,未分类,,
第2期｜漫步汾阳路，与音乐散步,王晰,,,,,,0.0,0.0,,,0.0,无,未分类,,
第18期 | 寻觅北山街，一座没有围墙的博物馆,王晰,,,,,,0.0,0.0,,,0.0,无,未分类,,
第10期 | 漫行北京国贸，俯瞰城市夜色,王晰,,,,,,0.0,0.0,,,0.0,无,影视OST,,
第15期 | 到东山，看一场民国新电影,王晰,,,,,,0.0,0.0,,,0.0,无,未分类,,
第3期 | 漫步衡山路，度过理想周末,王晰,,,,,,0.0,0.0,,,0.0,无,未分类,,
追幸福的人,王晰,,,,,,0.0,0.0,,,0.0,无,影视OST,,
共迎未来,王晰&赵净颐&王弦,,,,,,0.0,0.0,,,0.0,无,未分类,,
第5期 | 漫步多伦路，探寻老上海烟火人间,王晰,,,,,,0.0,0.0,,,0.0,无,未分类,,
第7期 | 漫步北京胡同，路过百年时光,王晰,,,,,,0.0,0.0,,,0.0,无,未分类,,
【王晰】《弘扬》（节目主题曲）,你好呀！故宫&王晰,,,,,,0.0,0.0,,,0.0,无,散曲,,
第11期 | 从暂停到重启，能听见的江城烟火气,王晰,,,,,,0.0,0.0,,,0.0,无,未分类,,
第12期 | 逛逛樱花烂漫的武汉大学,王晰,,,,,,0.0,0.0,,,0.0,无,未分类,,
第4期 | 滨江漫行，感受百年工业华丽转身,王晰,,,,,,0.0,0.0,,,0.0,无,未分类,,
相思河畔,王晰,,,,,,0.0,0.0,,,0.0,无,影视OST,,
第8期 | 走进一座没有桃花的桃花源,王晰,,,,,,0.0,0.0,,,0.0,无,未分类,,
第9期 | 漫行皇城根儿下的皇家风景,王晰,,,,,,0.0,0.0,,,0.0,无,未分类,,
珍晰,王晰,,,,,,0.0,0.0,,,0.0,无,未分类,,
第20期01 【睡前故事与酒】热薄荷帕蒂的迷人口感，就像她忧愁的青春,王晰,,,,,,0.0,0.0,,,0.0,无,未分类,,
第20期02 【王晰，请回答】失眠时如何调整？,王晰,,,,,,0.0,0.0,,,0.0,无,未分类,,
无我,王晰,,,,,,0.0,0.0,,,0.0,无,散曲,,
第21期01 【睡前故事与酒】与利柏特相遇的秋天，柚香依旧,王晰,,,,,,0.0,0.0,,,0.0,无,未分类,,
第21期02 【王晰，请回答】放松的日子里，寻找真正的自己,王晰,,,,,,0.0,0.0,,,0.0,无,未分类,,
第22期01【睡前故事与酒】在葡萄成熟的秋天里，想和你分享一部浪漫电影,王晰,,,,,,0.0,0.0,,,0.0,无,未分类,,
第22期02【王晰，请回答】季节变幻时的观影偏好,王晰,,,,,,0.0,0.0,,,0.0,无,未分类,,
第23期01【睡前故事与酒】用一杯雪梨热托蒂，和秋天说再见,王晰,,,,,,0.0,0.0,,,0.0,无,未分类,,
第23期02【王晰，请回答】深秋emo，怎么办？,王晰,,,,,,0.0,0.0,,,0.0,无,未分类,,
第24期01【睡前故事与酒】人与梅的相逢，成了世间最美的遇见,王晰,,,,,,0.0,0.0,,,0.0,无,未分类,,
第24期02【王晰，请回答】古人是如何赏梅的？,王晰,,,,,,0.0,0.0,,,0.0,无,未分类,,
第25期01【睡前故事与酒】寒冬雪地，围炉夜话热气沸腾,王晰,,,,,,0.0,0.0,,,0.0,无,影视OST,,
第25期02【王晰请回答】美食节目也能帮助睡眠吗？,王晰,,,,,,0.0,0.0,,,0.0,无,未分类,,
第26期01【睡前故事与酒】愿你有知心挚友，得逢心灵世界,王晰,,,,,,0.0,0.0,,,0.0,无,未分类,,
第26期02【王晰，请回答】我爱你，云一定知道,王晰,,,,,,0.0,0.0,,,0.0,无,未分类,,
第27期01【睡前故事与酒】初雪，是上天给人间的诗,王晰,,,,,,0.0,0.0,,,0.0,无,未分类,,
第27期02【王晰，请回答】希望我们总有好故事可以说,王晰,,,,,,0.0,0.0,,,0.0,无,未分类,,
偏偏,王晰,,,,,,0.0,0.0,,,0.0,六专《X自选集》,专辑曲,"TME
咪咕音乐",限免
第28期01【睡前故事与酒】雪落圣诞，温热红茶沁入丝丝爱意,王晰,,,,,,0.0,0.0,,,0.0,无,未分类,,
第28期02【王晰，请回答】小酒馆里的陈设是什么样的？,王晰,,,,,,0.0,0.0,,,0.0,无,未分类,,
无心,王晰,,,,,,0.0,0.0,,,0.0,无,散曲,,
破千万福利放送｜「分享」是爱的显影，2022感谢有你！,王晰,,,,,,0.0,0.0,,,0.0,无,未分类,,
是你,王晰,,,,,,0.0,0.0,,,0.0,六专《X自选集》,专辑曲,"TME
咪咕音乐",限免
不需要结果,王晰,,,,,,0.0,0.0,,,0.0,六专《X自选集》,专辑曲,"TME
咪咕音乐",限免
微醺23点08分,王晰,,,,,,0.0,0.0,,,0.0,六专《X自选集》,专辑曲,"TME
咪咕音乐",限免
猫模狗样,王晰,,,,,,0.0,0.0,,,0.0,六专《X自选集》,专辑曲,"TME
咪咕音乐",限免
朝凤,王晰,,,,,,0.0,0.0,,,0.0,六专《X自选集》,专辑曲,"TME
咪咕音乐",限免
多听有益,王晰,,,,,,0.0,0.0,,,0.0,六专《X自选集》,专辑曲,"TME
咪咕音乐",限免
小河,王晰,,,,,最近更新 23:35,32452.0,131.0,9 人正在听,歌曲成就2023/01/23新歌榜 当期排名89 历史在榜3期 最高排名47,0.0,六专《X自选集》,专辑曲,"TME
咪咕音乐",限免
Crystal Store,王晰,,,,,,0.0,0.0,,,0.0,六专《X自选集》,专辑曲,"TME
咪咕音乐",限免
想游泳的星,王晰,,,,,,0.0,0.0,,,0.0,六专《X自选集》,专辑曲,"TME
咪咕音乐",限免
第29期01【睡前故事与酒】迎接2023，新一年的爱与愿望正在加载,王晰,,,,,,0.0,0.0,,,0.0,无,未分类,,
第29期02【王晰，请回答】你的新年愿望是什么呢？,王晰,,,,,,0.0,0.0,,,0.0,无,未分类,,
第30期01【睡前故事与酒】用温热醇厚的冬酿酒，伴你好眠,王晰,,,,,,0.0,0.0,,,0.0,无,未分类,,
第30期02 【王晰，请回答】步履艰难的时刻，该怎么度过？,王晰,,,,,,0.0,0.0,,,0.0,无,未分类,,
第31期01【睡前故事与酒】穿过漫长的哀伤，这里便是雪国,王晰,,,,,,0.0,0.0,,,0.0,无,未分类,,
第31期02 【王晰，请回答】有收纳秘籍可以分享一下吗？,王晰,,,,,,0.0,0.0,,,0.0,无,未分类,,
第32期01【睡前故事与酒】亲爱的，过年好！,王晰,,,,,,0.0,0.0,,,0.0,无,未分类,,
第32期02【王晰，请回答】新岁启封，如何与焦虑共处？,王晰,,,,,,0.0,0.0,,,0.0,无,未分类,,
第33期01 【王晰，请回答】一杯红酒热可可，正如人生爱情的甜蜜相守,王晰,,,,,,0.0,0.0,,,0.0,无,未分类,,
第33期02 【王晰，请回答】爱，究竟是什么模样？,王晰,,,,,,0.0,0.0,,,0.0,无,未分类,,
第34期01【睡前故事与酒】品晚冬热啤酒，感受别样的音乐四季,王晰,,,,,,0.0,0.0,,,0.0,无,未分类,,
第34期02【王晰，请回答】除了音乐，有什么过冬好物推荐？,王晰,,,,,,0.0,0.0,,,0.0,无,未分类,,
第35期01【睡前故事与酒】情人节，蜂蜜莓果与《情书》更配哦,王晰,,,,,,0.0,0.0,,,0.0,无,未分类,,
第35期02【王晰，请回答】《南屏晚钟》是什么地方？,王晰,,,,,,0.0,0.0,,,0.0,无,未分类,,
第36期01【睡前故事与酒】山楂树之恋，酸甜可口的冬日限定快乐,王晰,,,,,,0.0,0.0,,,0.0,无,未分类,,
第36期02【王晰，请回答】付出真心却被忽视，怎么办？,王晰,,,,,,0.0,0.0,,,0.0,无,未分类,,
第37期01【睡前故事与酒】念一场冰雪奇缘，留下永恒爱情的瞬间,王晰,,,,,,0.0,0.0,,,0.0,无,未分类,,
第37期02【王晰，请回答】如何释放压力，安抚自己？,王晰,,,,,,0.0,0.0,,,0.0,无,未分类,,
第38期01【睡前故事与酒】花见酒相伴，共赏樱花绽放,王晰,,,,,,0.0,0.0,,,0.0,无,未分类,,
第38期02【王晰，请回答】临近毕业，如何缓解焦虑？,王晰,,,,,,0.0,0.0,,,0.0,无,未分类,,
第39期01【睡前故事与酒】四季春威士忌，抚慰春日的味蕾和心,王晰,,,,,,0.0,0.0,,,0.0,无,未分类,,
第39期02【王晰，请回答】心动越来越难，怎么办？,王晰,,,,,,0.0,0.0,,,0.0,无,未分类,,
第40期01【睡前故事与酒】心动的感觉，就像和你听过的樱花雨,王晰,,,,,,0.0,0.0,,,0.0,无,未分类,,
第40期02【王晰，请回答】晰哥日常在家会自己写歌吗？,王晰,,,,,,0.0,0.0,,,0.0,无,未分类,,
第41期01【睡前故事与酒】品飞行与春笋，你我都是新鲜的,王晰,,,,,,0.0,0.0,,,0.0,无,未分类,,
第41期02【王晰，请回答】你眼中的人生节奏是什么样的？,王晰,,,,,,0.0,0.0,,,0.0,无,未分类,,
苏幕遮,王晰,,,,,,0.0,0.0,,,0.0,无,散曲,,
第42期01【睡前故事与酒】一杯“深情”，愿你拥有疯狂爱一个人的力量,王晰,,,,,,0.0,0.0,,,0.0,无,未分类,,
第42期02【王晰，请回答】你心中的理想生活是什么模样？,王晰,,,,,,0.0,0.0,,,0.0,无,未分类,,
第43期01【睡前故事与酒】星星藏进深夜，喝小王子的玫瑰生日蛋糕酒,王晰,,,,,,0.0,0.0,,,0.0,无,影视OST,,
第43期02【王晰，请回答】你曾是别人心中最闪亮的那颗星星吗？,王晰,,,,,,0.0,0.0,,,0.0,无,未分类,,
过客,王晰,,,,,,0.0,0.0,,,0.0,无,散曲,,
迷雾,王晰,,,,,,0.0,0.0,,,0.0,无,影视OST,,
第44期01【睡前故事与酒】听雨赏雨，感受水汽氤氲的诗情画意,王晰,,,,,,0.0,0.0,,,0.0,无,未分类,,
第44期02【王晰，请回答】晰哥在雨天有哪些必做清单吗？,王晰,,,,,,0.0,0.0,,,0.0,无,未分类,,
第45期01【睡前故事与酒】四月与樱花，你是年少的欢喜,王晰,,,,,,0.0,0.0,,,0.0,无,未分类,,
第45期02【王晰请回答】晰哥，可以分享下大学趣事吗？,王晰,,,,,,0.0,0.0,,,0.0,无,未分类,,
第46期01【睡前故事与酒】晚风轻吹，品白兰地与微风拂过的爱情,王晰,,,,,,0.0,0.0,,,0.0,无,未分类,,
第46期02【王晰，请回答】是否应该对爱情满怀期待？,王晰,,,,,,0.0,0.0,,,0.0,无,未分类,,
第47期01【睡前故事与酒】喝一杯缠绵的伏特加苏打，走入《夜晚的潜水艇》,王晰,,,,,,0.0,0.0,,,0.0,无,影视OST,,
第47期02【王晰，请回答】有春日书单推荐吗？,王晰,,,,,,0.0,0.0,,,0.0,无,未分类,,
第48期01【睡前故事与酒】爱的温度，恰如时光里母亲的思念,王晰,,,,,,0.0,0.0,,,0.0,无,未分类,,
第48期02【王晰，请回答】社交恐惧该如何化解？,王晰,,,,,,0.0,0.0,,,0.0,无,未分类,,
第49期01【睡前故事与酒】与骑行，与花香，舒展灵魂,王晰,,,,,,0.0,0.0,,,0.0,无,未分类,,
第49期02【王晰，请回答】胡思乱想经常失眠怎么办？,王晰,,,,,,0.0,0.0,,,0.0,无,未分类,,
渡荆门送别,王晰&霍元圆,,,,,,0.0,0.0,,,0.0,无,散曲,,
第50期01【睡前故事与酒】品一杯青梅酒，坐在你身边看云,王晰,,,,,,0.0,0.0,,,0.0,无,未分类,,
第50期02【王晰，请回答】为什么别人不能理解我的奇奇怪怪呢？,王晰,,,,,,0.0,0.0,,,0.0,无,未分类,,
第51期01【睡前故事与酒】一杯白朗姆的微醺，在忙乱的生活中找到自己的秩序,王晰,,,,,,0.0,0.0,,,0.0,无,未分类,,
第51期02【王晰，请回答】感觉有做不完的事，晰哥这种情况会怎么办？,王晰,,,,,,0.0,0.0,,,0.0,无,未分类,,
第52期01【睡前故事与酒】很高兴遇见你，期待新的起点再见,王晰,,,,,,0.0,0.0,,,0.0,无,未分类,,
第52期02【王晰，请回答】小酒馆以后是不是就不营业了？,王晰,,,,,,0.0,0.0,,,0.0,无,未分类,,
隐秘的心,王晰,,,,,,0.0,0.0,,,0.0,无,影视OST,,
生活该有的样子,A-Lin&王晰,,,,,,0.0,0.0,,,0.0,无,企划曲,,
军港之夜,王晰,,,,,,0.0,0.0,,,0.0,无,影视OST,,
蓝色臻爱,王晰,,,,,,0.0,0.0,,,0.0,无,推广曲,,
收官福利｜有人拜访【日木斤深夜小酒馆】，我慕了！,王晰,,,,,,0.0,0.0,,,0.0,无,影视OST,,
光阴的船,王晰,,,,,,0.0,0.0,,,0.0,无,影视OST,,
共同的向往,阿云嘎&王晰,,,,,,0.0,0.0,,,0.0,无,未分类,,
玫瑰,王晰,,,,,,0.0,0.0,,,0.0,无,影视OST,,
美丽的草原我的家,王弦&王晰,,,,,,0.0,0.0,,,0.0,无,未分类,,
无荒,谭维维&王晰,,,,,,0.0,0.0,,,0.0,无,散曲,,
绝不放手,王晰,,,,,,0.0,0.0,,,0.0,无,影视OST,,
剑心铸梦,王晰,,,,,,0.0,0.0,,,0.0,无,散曲,,
新的篇章,王晰,,,,,,0.0,0.0,,,0.0,无,影视OST,,
在路上,王晰,592,20.82%,20150.0,1521,最近更新 23:29,21186.0,656.0,37 人正在听,歌曲成就2024/12/21流行指数榜 当期排名63 历史在榜4期 最高排名532024/12/21新歌榜 当期排名68 历史在榜4期 最高排名31,20.82,七专《不说》,专辑曲,,
无尽的夜里,王晰,,,,,,0.0,0.0,,,0.0,七专《不说》,专辑曲,,
鹅毛信,王晰,,,,,,0.0,0.0,,,0.0,七专《不说》,专辑曲,,
勿扰,王晰,,,,,,0.0,0.0,,,0.0,七专《不说》,专辑曲,,
住口,王晰,,,,,,0.0,0.0,,,0.0,七专《不说》,专辑曲,,
明白,王晰,,,,,,0.0,0.0,,,0.0,七专《不说》,专辑曲,,
雷美替胺,王晰,,,,,,0.0,0.0,,,0.0,七专《不说》,专辑曲,,
祝我们随遇而安,王晰,,,,,,0.0,0.0,,,0.0,七专《不说》,专辑曲,,
皮囊之下,王晰,,,,,,0.0,0.0,,,0.0,无,影视OST,,
暗潮涌动,王晰,,,,,,0.0,0.0,,,0.0,无,影视OST,,
牵手,王晰,,,,,,0.0,0.0,,,0.0,无,未分类,,
致我们的小宇宙,王晰,,,,,,0.0,0.0,,,0.0,无,散曲,,
来得及,王晰,,,,,,0.0,0.0,,,0.0,无,影视OST,,
镜中的自己,王晰&光影少年,,,,,,0.0,0.0,,,0.0,无,散曲,,
慢慢喜欢你,王晰&郑云龙,,,,,,0.0,0.0,,,0.0,无,未分类,,
欢迎来到我的世界,王晰,,,,,,0.0,0.0,,,0.0,无,影视OST,,
如龙,王晰,,,,,,0.0,0.0,,,0.0,无,散曲,,
埋下记忆,王晰,,,,,,0.0,0.0,,,0.0,无,散曲,,
尚雯婕、王晰《云与海》,一只柯豪呀,,,,,,0.0,0.0,,,0.0,无,合作曲,,
爱会和海风一起抵达,王晰,,,,,最近更新 23:39,32187.0,135.0,11 人正在听,,0.0,无,散曲,,
塞北年夜,王晰,,,,,,0.0,0.0,,,0.0,无,个人单曲,,
